, wind, old_coal_sub_st, old_ng_cc, old_ng_gt, new_coal_st, new_ng_cc, new_ng_gt_aero, new_nuke_st
wk01.h001,        1.28,        2.29,        0.00,        0.00,        0.00,        0.62,        0.00,        0.00
wk01.h002,        1.35,        2.29,        0.00,        0.00,        0.00,        0.37,        0.00,        0.00
wk01.h003,        1.28,        2.29,        0.00,        0.00,        0.00,        0.33,        0.00,        0.00
wk01.h004,        1.47,        2.29,        0.00,        0.00,        0.00,        0.12,        0.00,        0.00
wk01.h005,        1.49,        2.25,        0.00,        0.00,        0.00,        0.12,        0.00,        0.00
wk01.h006,        1.58,        2.24,        0.00,        0.00,        0.00,        0.12,        0.00,        0.00
wk01.h007,        1.65,        2.29,        0.00,        0.00,        0.00,        0.18,        0.00,        0.00
wk01.h008,        1.60,        2.29,        0.29,        0.00,        0.00,        0.23,        0.00,        0.00
wk01.h009,        1.52,        2.29,        0.41,        0.00,        0.00,        0.40,        0.00,        0.00
wk01.h010,        1.37,        2.29,        0.69,        0.00,        0.00,        0.40,        0.00,        0.00
wk01.h011,        1.61,        2.29,        0.47,        0.00,        0.00,        0.40,        0.00,        0.00
wk01.h012,        2.12,        2.13,        0.29,        0.00,        0.00,        0.12,        0.00,        0.00
wk01.h013,        1.95,        2.20,        0.29,        0.00,        0.00,        0.12,        0.00,        0.00
wk01.h014,        2.20,        2.12,        0.00,        0.00,        0.00,        0.12,        0.00,        0.00
wk01.h015,        2.17,        2.05,        0.00,        0.00,        0.00,        0.12,        0.00,        0.00
wk01.h016,        1.96,        2.23,        0.00,        0.00,        0.00,        0.12,        0.00,        0.00
wk01.h017,        1.86,        2.29,        0.00,        0.00,        0.00,        0.18,        0.00,        0.00
wk01.h018,        1.58,        2.29,        0.00,        0.00,        0.00,        0.54,        0.00,        0.00
wk01.h019,        1.29,        2.29,        0.00,        0.00,        0.00,        1.15,        0.00,        0.00
wk01.h020,        1.31,        2.29,        0.00,        0.00,        0.00,        1.42,        0.00,        0.00
wk01.h021,        0.85,        2.29,        0.27,        0.00,        0.00,        1.60,        0.00,        0.00
wk01.h022,        0.61,        2.29,        0.47,        0.00,        0.00,        1.60,        0.00,        0.00
wk01.h023,        0.42,        2.29,        0.56,        0.00,        0.00,        1.60,        0.00,        0.00
wk01.h024,        0.38,        2.29,        0.45,        0.00,        0.00,        1.60,        0.00,        0.00
wk01.h025,        0.27,        2.29,        0.42,        0.00,        0.00,        1.60,        0.00,        0.00
wk01.h026,        0.30,        2.29,        0.35,        0.00,        0.00,        1.60,        0.00,        0.00
wk01.h027,        0.27,        2.29,        0.38,        0.00,        0.00,        1.60,        0.00,        0.00
wk01.h028,        0.49,        2.29,        0.20,        0.00,        0.00,        1.60,        0.00,        0.00
wk01.h029,        0.45,        2.29,        0.31,        0.00,        0.00,        1.60,        0.00,        0.00
wk01.h030,        0.46,        2.29,        0.46,        0.00,        0.00,        1.60,        0.00,        0.00
wk01.h031,        0.41,        2.29,        0.73,        0.00,        0.00,        1.60,        0.00,        0.00
wk01.h032,        0.63,        2.29,        0.84,        0.00,        0.00,        1.60,        0.00,        0.00
wk01.h033,        0.52,        2.29,        1.15,        0.00,        0.00,        1.60,        0.00,        0.00
wk01.h034,        0.10,        2.29,        1.64,        0.00,        0.00,        1.60,        0.00,        0.00
wk01.h035,        0.00,        2.29,        1.68,        0.00,        0.00,        1.60,        0.00,        0.00
wk01.h036,        0.00,        2.29,        1.44,        0.00,        0.00,        1.60,        0.00,        0.00
wk01.h037,        0.00,        2.29,        1.27,        0.00,        0.00,        1.60,        0.00,        0.00
wk01.h038,        0.00,        2.29,        1.07,        0.00,        0.00,        1.60,        0.00,        0.00
wk01.h039,        0.00,        2.29,        0.87,        0.00,        0.00,        1.60,        0.00,        0.00
wk01.h040,        0.00,        2.29,        0.69,        0.00,        0.00,        1.60,        0.00,        0.00
wk01.h041,        0.00,        2.29,        0.62,        0.00,        0.00,        1.60,        0.00,        0.00
wk01.h042,        0.02,        2.29,        0.69,        0.00,        0.00,        1.60,        0.00,        0.00
wk01.h043,        0.10,        2.29,        1.06,        0.00,        0.00,        1.60,        0.00,        0.00
wk01.h044,        0.45,        2.29,        1.20,        0.00,        0.00,        1.60,        0.00,        0.00
wk01.h045,        0.85,        2.29,        0.97,        0.00,        0.00,        1.60,        0.00,        0.00
wk01.h046,        1.16,        2.29,        0.66,        0.00,        0.00,        1.60,        0.00,        0.00
wk01.h047,        1.02,        2.29,        0.64,        0.00,        0.00,        1.60,        0.00,        0.00
wk01.h048,        1.43,        2.29,        0.00,        0.00,        0.00,        1.52,        0.00,        0.00
wk01.h049,        1.17,        2.29,        0.00,        0.00,        0.00,        1.57,        0.00,        0.00
wk01.h050,        1.56,        2.29,        0.00,        0.00,        0.00,        1.11,        0.00,        0.00
wk01.h051,        2.14,        2.29,        0.00,        0.00,        0.00,        0.53,        0.00,        0.00
wk01.h052,        1.83,        2.29,        0.00,        0.00,        0.00,        0.87,        0.00,        0.00
wk01.h053,        1.91,        2.29,        0.00,        0.00,        0.00,        0.93,        0.00,        0.00
wk01.h054,        2.21,        2.29,        0.00,        0.00,        0.00,        0.93,        0.00,        0.00
wk01.h055,        2.19,        2.29,        0.00,        0.00,        0.00,        1.53,        0.00,        0.00
wk01.h056,        2.01,        2.29,        0.76,        0.00,        0.00,        1.60,        0.00,        0.00
wk01.h057,        2.00,        2.29,        0.53,        0.00,        0.00,        1.60,        0.00,        0.00
wk01.h058,        1.76,        2.29,        0.59,        0.00,        0.00,        1.60,        0.00,        0.00
wk01.h059,        1.57,        2.29,        0.65,        0.00,        0.00,        1.60,        0.00,        0.00
wk01.h060,        1.21,        2.29,        0.79,        0.00,        0.00,        1.60,        0.00,        0.00
wk01.h061,        1.05,        2.29,        0.70,        0.00,        0.00,        1.60,        0.00,        0.00
wk01.h062,        0.94,        2.29,        0.62,        0.00,        0.00,        1.60,        0.00,        0.00
wk01.h063,        0.56,        2.29,        0.87,        0.00,        0.00,        1.60,        0.00,        0.00
wk01.h064,        0.65,        2.29,        0.71,        0.00,        0.00,        1.60,        0.00,        0.00
wk01.h065,        0.27,        2.29,        1.15,        0.00,        0.00,        1.60,        0.00,        0.00
wk01.h066,        0.23,        2.29,        1.33,        0.00,        0.00,        1.60,        0.00,        0.00
wk01.h067,        0.45,        2.29,        1.45,        0.00,        0.00,        1.60,        0.00,        0.00
wk01.h068,        0.27,        2.29,        1.82,        0.00,        0.00,        1.60,        0.00,        0.00
wk01.h069,        0.40,        2.29,        1.61,        0.00,        0.00,        1.60,        0.00,        0.00
wk01.h070,        0.62,        2.29,        1.22,        0.00,        0.00,        1.60,        0.00,        0.00
wk01.h071,        0.89,        2.29,        0.62,        0.00,        0.00,        1.60,        0.00,        0.00
wk01.h072,        0.99,        2.29,        0.00,        0.00,        0.00,        1.60,        0.05,        0.00
wk01.h073,        0.80,        2.29,        0.00,        0.00,        0.00,        1.52,        0.00,        0.00
wk01.h074,        0.71,        2.29,        0.00,        0.00,        0.00,        1.43,        0.00,        0.00
wk01.h075,        1.00,        2.29,        0.00,        0.00,        0.00,        1.07,        0.00,        0.00
wk01.h076,        1.10,        2.29,        0.00,        0.00,        0.00,        0.97,        0.00,        0.00
wk01.h077,        1.06,        2.29,        0.00,        0.00,        0.00,        1.05,        0.00,        0.00
wk01.h078,        1.21,        2.29,        0.00,        0.00,        0.00,        1.13,        0.00,        0.00
wk01.h079,        1.37,        2.29,        0.00,        0.00,        0.00,        1.51,        0.00,        0.00
wk01.h080,        1.20,        2.29,        0.69,        0.00,        0.00,        1.60,        0.00,        0.00
wk01.h081,        1.13,        2.29,        0.66,        0.00,        0.00,        1.60,        0.00,        0.00
wk01.h082,        0.99,        2.29,        0.73,        0.00,        0.00,        1.60,        0.00,        0.00
wk01.h083,        0.67,        2.29,        1.00,        0.00,        0.00,        1.60,        0.00,        0.00
wk01.h084,        0.58,        2.29,        0.95,        0.00,        0.00,        1.60,        0.00,        0.00
wk01.h085,        0.62,        2.29,        0.82,        0.00,        0.00,        1.60,        0.00,        0.00
wk01.h086,        0.63,        2.29,        0.73,        0.00,        0.00,        1.60,        0.00,        0.00
wk01.h087,        0.55,        2.29,        0.69,        0.00,        0.00,        1.60,        0.00,        0.00
wk01.h088,        0.38,        2.29,        0.77,        0.00,        0.00,        1.60,        0.00,        0.00
wk01.h089,        0.41,        2.29,        0.76,        0.00,        0.00,        1.60,        0.00,        0.00
wk01.h090,        0.40,        2.29,        0.92,        0.00,        0.00,        1.60,        0.00,        0.00
wk01.h091,        0.31,        2.29,        1.43,        0.00,        0.00,        1.60,        0.00,        0.00
wk01.h092,        0.47,        2.29,        1.62,        0.00,        0.00,        1.60,        0.00,        0.00
wk01.h093,        0.63,        2.29,        1.46,        0.00,        0.00,        1.60,        0.00,        0.00
wk01.h094,        0.54,        2.29,        1.55,        0.00,        0.00,        1.60,        0.00,        0.00
wk01.h095,        0.54,        2.29,        1.28,        0.00,        0.00,        1.60,        0.00,        0.00
wk01.h096,        0.46,        2.29,        0.95,        0.00,        0.00,        1.60,        0.00,        0.00
wk01.h097,        0.98,        2.29,        0.17,        0.00,        0.00,        1.60,        0.00,        0.00
wk01.h098,        0.88,        2.29,        0.16,        0.00,        0.00,        1.60,        0.00,        0.00
wk01.h099,        1.18,        2.29,        0.00,        0.00,        0.00,        1.45,        0.00,        0.00
wk01.h100,        1.04,        2.29,        0.00,        0.00,        0.00,        1.55,        0.05,        0.00
wk01.h101,        1.06,        2.29,        0.15,        0.00,        0.00,        1.55,        0.00,        0.00
wk01.h102,        1.02,        2.29,        0.44,        0.00,        0.00,        1.55,        0.00,        0.00
wk01.h103,        0.81,        2.29,        1.13,        0.00,        0.00,        1.60,        0.00,        0.00
wk01.h104,        1.12,        2.29,        1.46,        0.00,        0.00,        1.60,        0.00,        0.00
wk01.h105,        2.01,        2.29,        0.44,        0.00,        0.00,        1.59,        0.00,        0.00
wk01.h106,        1.84,        2.29,        0.48,        0.00,        0.00,        1.60,        0.00,        0.00
wk01.h107,        2.00,        2.29,        0.29,        0.00,        0.00,        1.60,        0.00,        0.00
wk01.h108,        2.19,        2.29,        0.15,        0.00,        0.00,        1.46,        0.00,        0.00
wk01.h109,        2.13,        2.29,        0.00,        0.00,        0.00,        1.52,        0.00,        0.00
wk01.h110,        2.00,        2.29,        0.00,        0.00,        0.00,        1.54,        0.00,        0.00
wk01.h111,        1.82,        2.29,        0.00,        0.00,        0.00,        1.55,        0.05,        0.00
wk01.h112,        1.59,        2.29,        0.21,        0.00,        0.00,        1.60,        0.00,        0.00
wk01.h113,        0.92,        2.29,        0.83,        0.00,        0.00,        1.60,        0.00,        0.00
wk01.h114,        0.65,        2.29,        1.18,        0.00,        0.00,        1.60,        0.00,        0.00
wk01.h115,        0.68,        2.29,        1.44,        0.00,        0.00,        1.60,        0.00,        0.00
wk01.h116,        0.96,        2.29,        1.35,        0.00,        0.00,        1.60,        0.00,        0.00
wk01.h117,        1.07,        2.29,        1.22,        0.00,        0.00,        1.60,        0.00,        0.00
wk01.h118,        0.83,        2.29,        1.31,        0.00,        0.00,        1.60,        0.00,        0.00
wk01.h119,        1.00,        2.29,        0.86,        0.00,        0.00,        1.60,        0.00,        0.00
wk01.h120,        1.24,        2.29,        0.15,        0.00,        0.00,        1.59,        0.00,        0.00
wk01.h121,        0.57,        2.29,        0.49,        0.00,        0.00,        1.60,        0.00,        0.00
wk01.h122,        0.53,        2.29,        0.32,        0.00,        0.00,        1.60,        0.00,        0.00
wk01.h123,        0.61,        2.29,        0.15,        0.00,        0.00,        1.60,        0.00,        0.00
wk01.h124,        0.67,        2.29,        0.15,        0.00,        0.00,        1.52,        0.00,        0.00
wk01.h125,        0.65,        2.29,        0.15,        0.00,        0.00,        1.58,        0.00,        0.00
wk01.h126,        0.72,        2.29,        0.27,        0.00,        0.00,        1.60,        0.00,        0.00
wk01.h127,        0.63,        2.29,        0.90,        0.00,        0.00,        1.60,        0.00,        0.00
wk01.h128,        0.44,        2.29,        1.68,        0.00,        0.00,        1.60,        0.00,        0.00
wk01.h129,        0.40,        2.29,        1.59,        0.00,        0.00,        1.60,        0.00,        0.00
wk01.h130,        0.45,        2.29,        1.47,        0.00,        0.00,        1.60,        0.00,        0.00
wk01.h131,        0.28,        2.29,        1.69,        0.00,        0.00,        1.60,        0.00,        0.00
wk01.h132,        0.27,        2.29,        1.59,        0.00,        0.00,        1.60,        0.00,        0.00
wk01.h133,        0.18,        2.29,        1.56,        0.00,        0.00,        1.60,        0.00,        0.00
wk01.h134,        0.11,        2.29,        1.55,        0.00,        0.00,        1.60,        0.00,        0.00
wk01.h135,        0.14,        2.29,        1.45,        0.00,        0.00,        1.60,        0.00,        0.00
wk01.h136,        0.23,        2.29,        1.26,        0.00,        0.00,        1.60,        0.00,        0.00
wk01.h137,        0.28,        2.29,        1.26,        0.00,        0.00,        1.60,        0.00,        0.00
wk01.h138,        0.70,        2.29,        0.94,        0.00,        0.00,        1.60,        0.00,        0.00
wk01.h139,        0.58,        2.29,        1.36,        0.00,        0.00,        1.60,        0.00,        0.00
wk01.h140,        0.50,        2.29,        1.69,        0.00,        0.00,        1.60,        0.00,        0.00
wk01.h141,        0.44,        2.29,        1.71,        0.00,        0.00,        1.60,        0.00,        0.00
wk01.h142,        0.57,        2.29,        1.44,        0.00,        0.00,        1.60,        0.00,        0.00
wk01.h143,        0.69,        2.29,        1.08,        0.00,        0.00,        1.60,        0.00,        0.00
wk01.h144,        0.73,        2.29,        0.63,        0.00,        0.00,        1.60,        0.00,        0.00
wk01.h145,        0.63,        2.29,        0.45,        0.00,        0.00,        1.60,        0.00,        0.00
wk01.h146,        0.80,        2.29,        0.29,        0.00,        0.00,        1.45,        0.00,        0.00
wk01.h147,        0.96,        2.29,        0.29,        0.00,        0.00,        1.25,        0.00,        0.00
wk01.h148,        0.76,        2.29,        0.29,        0.00,        0.00,        1.46,        0.00,        0.00
wk01.h149,        0.58,        2.29,        0.42,        0.00,        0.00,        1.60,        0.00,        0.00
wk01.h150,        0.47,        2.29,        0.80,        0.00,        0.00,        1.60,        0.00,        0.00
wk01.h151,        0.26,        2.29,        1.55,        0.00,        0.00,        1.60,        0.00,        0.00
wk01.h152,        0.26,        2.29,        2.18,        0.00,        0.00,        1.60,        0.00,        0.00
wk01.h153,        0.14,        2.29,        2.20,        0.00,        0.00,        1.60,        0.00,        0.00
wk01.h154,        0.10,        2.29,        2.19,        0.00,        0.00,        1.60,        0.00,        0.00
wk01.h155,        0.12,        2.29,        2.21,        0.00,        0.00,        1.60,        0.00,        0.00
wk01.h156,        0.15,        2.29,        2.14,        0.00,        0.00,        1.60,        0.00,        0.00
wk01.h157,        0.08,        2.29,        2.05,        0.00,        0.00,        1.60,        0.00,        0.00
wk01.h158,        0.03,        2.29,        1.93,        0.00,        0.00,        1.60,        0.00,        0.00
wk01.h159,        0.03,        2.29,        1.78,        0.00,        0.00,        1.60,        0.00,        0.00
wk01.h160,        0.04,        2.29,        1.62,        0.00,        0.00,        1.60,        0.00,        0.00
wk01.h161,        0.10,        2.29,        1.53,        0.00,        0.00,        1.60,        0.00,        0.00
wk01.h162,        0.13,        2.29,        1.56,        0.00,        0.00,        1.60,        0.00,        0.00
wk01.h163,        0.06,        2.29,        1.94,        0.00,        0.00,        1.60,        0.00,        0.00
wk01.h164,        0.02,        2.29,        2.29,        0.00,        0.00,        1.60,        0.00,        0.00
wk01.h165,        0.10,        2.29,        2.22,        0.00,        0.00,        1.60,        0.00,        0.00
wk01.h166,        0.29,        2.29,        2.03,        0.00,        0.00,        1.60,        0.00,        0.00
wk01.h167,        0.54,        2.29,        1.63,        0.00,        0.00,        1.60,        0.00,        0.00
wk01.h168,        0.90,        2.29,        1.03,        0.00,        0.00,        1.60,        0.00,        0.00
wk02.h001,        0.29,        1.72,        0.49,        0.00,        0.00,        0.80,        0.59,        0.00
wk02.h002,        0.76,        1.72,        0.41,        0.00,        0.00,        0.80,        0.00,        0.00
wk02.h003,        1.20,        1.72,        0.15,        0.00,        0.00,        0.45,        0.00,        0.00
wk02.h004,        1.29,        1.72,        0.15,        0.00,        0.00,        0.29,        0.00,        0.00
wk02.h005,        1.68,        1.32,        0.15,        0.00,        0.00,        0.24,        0.00,        0.00
wk02.h006,        1.72,        1.34,        0.15,        0.00,        0.00,        0.24,        0.00,        0.00
wk02.h007,        1.70,        1.67,        0.00,        0.00,        0.00,        0.24,        0.00,        0.00
wk02.h008,        1.90,        1.72,        0.00,        0.00,        0.00,        0.27,        0.00,        0.00
wk02.h009,        1.92,        1.72,        0.00,        0.00,        0.00,        0.36,        0.00,        0.00
wk02.h010,        2.04,        1.72,        0.00,        0.00,        0.00,        0.42,        0.00,        0.00
wk02.h011,        2.02,        1.72,        0.00,        0.00,        0.00,        0.53,        0.00,        0.00
wk02.h012,        2.57,        1.47,        0.00,        0.00,        0.00,        0.24,        0.00,        0.00
wk02.h013,        2.39,        1.61,        0.00,        0.00,        0.00,        0.24,        0.00,        0.00
wk02.h014,        1.60,        1.72,        0.00,        0.00,        0.00,        0.85,        0.00,        0.00
wk02.h015,        1.08,        1.72,        0.15,        0.00,        0.00,        1.17,        0.00,        0.00
wk02.h016,        0.91,        1.72,        0.26,        0.00,        0.00,        1.20,        0.00,        0.00
wk02.h017,        0.62,        1.72,        0.58,        0.00,        0.00,        1.20,        0.00,        0.00
wk02.h018,        0.42,        1.72,        0.79,        0.00,        0.00,        1.20,        0.00,        0.00
wk02.h019,        0.36,        1.72,        0.85,        0.00,        0.00,        1.20,        0.00,        0.00
wk02.h020,        0.42,        1.72,        0.79,        0.00,        0.00,        1.20,        0.00,        0.00
wk02.h021,        0.57,        1.72,        0.87,        0.00,        0.00,        1.20,        0.00,        0.00
wk02.h022,        0.86,        1.72,        0.59,        0.00,        0.00,        1.20,        0.00,        0.00
wk02.h023,        1.48,        1.72,        0.00,        0.00,        0.00,        1.00,        0.00,        0.00
wk02.h024,        2.04,        1.72,        0.00,        0.00,        0.00,        0.21,        0.00,        0.00
wk02.h025,        2.09,        1.60,        0.00,        0.00,        0.00,        0.00,        0.00,        0.00
wk02.h026,        2.27,        1.23,        0.00,        0.00,        0.00,        0.00,        0.00,        0.00
wk02.h027,        2.27,        1.10,        0.00,        0.00,        0.00,        0.00,        0.00,        0.00
wk02.h028,        2.34,        0.97,        0.00,        0.00,        0.00,        0.00,        0.00,        0.00
wk02.h029,        2.29,        0.97,        0.00,        0.00,        0.00,        0.00,        0.00,        0.00
wk02.h030,        2.27,        1.02,        0.00,        0.00,        0.00,        0.00,        0.00,        0.00
wk02.h031,        2.20,        1.17,        0.00,        0.00,        0.00,        0.00,        0.00,        0.00
wk02.h032,        2.19,        1.29,        0.00,        0.00,        0.00,        0.00,        0.00,        0.00
wk02.h033,        2.35,        1.22,        0.00,        0.00,        0.00,        0.00,        0.00,        0.00
wk02.h034,        2.24,        1.53,        0.00,        0.00,        0.00,        0.00,        0.00,        0.00
wk02.h035,        2.42,        1.50,        0.00,        0.00,        0.00,        0.00,        0.00,        0.00
wk02.h036,        2.53,        1.49,        0.00,        0.00,        0.00,        0.00,        0.00,        0.00
wk02.h037,        2.49,        1.61,        0.00,        0.00,        0.00,        0.00,        0.00,        0.00
wk02.h038,        2.61,        1.58,        0.00,        0.00,        0.00,        0.00,        0.00,        0.00
wk02.h039,        2.52,        1.67,        0.00,        0.00,        0.00,        0.00,        0.00,        0.00
wk02.h040,        2.57,        1.63,        0.00,        0.00,        0.00,        0.00,        0.00,        0.00
wk02.h041,        2.35,        1.72,        0.00,        0.00,        0.00,        0.16,        0.00,        0.00
wk02.h042,        2.55,        1.61,        0.00,        0.00,        0.00,        0.12,        0.00,        0.00
wk02.h043,        2.62,        1.58,        0.00,        0.00,        0.00,        0.12,        0.00,        0.00
wk02.h044,        2.87,        1.37,        0.00,        0.00,        0.00,        0.12,        0.00,        0.00
wk02.h045,        2.86,        1.72,        0.00,        0.00,        0.00,        0.12,        0.00,        0.00
wk02.h046,        2.73,        1.72,        0.00,        0.00,        0.00,        0.25,        0.00,        0.00
wk02.h047,        2.72,        1.66,        0.00,        0.00,        0.00,        0.12,        0.00,        0.00
wk02.h048,        2.94,        1.17,        0.00,        0.00,        0.00,        0.00,        0.00,        0.00
wk02.h049,        2.88,        0.86,        0.00,        0.00,        0.00,        0.00,        0.00,        0.00
wk02.h050,        2.65,        0.86,        0.00,        0.00,        0.00,        0.00,        0.00,        0.00
wk02.h051,        2.54,        0.86,        0.00,        0.00,        0.00,        0.00,        0.00,        0.00
wk02.h052,        2.50,        0.86,        0.00,        0.00,        0.00,        0.00,        0.00,        0.00
wk02.h053,        2.52,        0.86,        0.00,        0.00,        0.00,        0.00,        0.00,        0.00
wk02.h054,        2.65,        0.86,        0.00,        0.00,        0.00,        0.00,        0.00,        0.00
wk02.h055,        2.89,        0.91,        0.00,        0.00,        0.00,        0.12,        0.00,        0.00
wk02.h056,        2.87,        1.43,        0.00,        0.00,        0.00,        0.19,        0.00,        0.00
wk02.h057,        2.76,        1.61,        0.00,        0.00,        0.00,        0.12,        0.00,        0.00
wk02.h058,        2.51,        1.72,        0.00,        0.00,        0.00,        0.32,        0.00,        0.00
wk02.h059,        2.67,        1.72,        0.00,        0.00,        0.00,        0.28,        0.00,        0.00
wk02.h060,        2.63,        1.72,        0.00,        0.00,        0.00,        0.43,        0.00,        0.00
wk02.h061,        2.44,        1.72,        0.00,        0.00,        0.00,        0.66,        0.00,        0.00
wk02.h062,        2.28,        1.72,        0.00,        0.00,        0.00,        0.85,        0.00,        0.00
wk02.h063,        2.03,        1.72,        0.00,        0.00,        0.00,        1.14,        0.00,        0.00
wk02.h064,        1.84,        1.72,        0.16,        0.00,        0.00,        1.20,        0.00,        0.00
wk02.h065,        1.82,        1.72,        0.20,        0.00,        0.00,        1.20,        0.00,        0.00
wk02.h066,        1.98,        1.72,        0.15,        0.00,        0.00,        1.09,        0.00,        0.00
wk02.h067,        2.42,        1.72,        0.15,        0.00,        0.00,        0.58,        0.00,        0.00
wk02.h068,        2.65,        1.72,        0.15,        0.00,        0.00,        0.30,        0.00,        0.00
wk02.h069,        2.66,        1.72,        0.29,        0.00,        0.00,        0.40,        0.00,        0.00
wk02.h070,        2.76,        1.72,        0.15,        0.00,        0.00,        0.40,        0.00,        0.00
wk02.h071,        2.73,        1.72,        0.00,        0.00,        0.00,        0.32,        0.00,        0.00
wk02.h072,        3.03,        1.25,        0.00,        0.00,        0.00,        0.00,        0.00,        0.00
wk02.h073,        2.97,        0.91,        0.00,        0.00,        0.00,        0.00,        0.00,        0.00
wk02.h074,        2.76,        0.90,        0.00,        0.00,        0.00,        0.00,        0.00,        0.00
wk02.h075,        2.68,        0.86,        0.00,        0.00,        0.00,        0.00,        0.00,        0.00
wk02.h076,        2.38,        1.10,        0.00,        0.00,        0.00,        0.00,        0.00,        0.00
wk02.h077,        1.87,        1.62,        0.00,        0.00,        0.00,        0.00,        0.00,        0.00
wk02.h078,        2.06,        1.53,        0.00,        0.00,        0.00,        0.00,        0.00,        0.00
wk02.h079,        2.03,        1.72,        0.00,        0.00,        0.00,        0.21,        0.00,        0.00
wk02.h080,        1.92,        1.72,        0.15,        0.00,        0.00,        0.76,        0.00,        0.00
wk02.h081,        1.71,        1.72,        0.31,        0.00,        0.00,        0.80,        0.00,        0.00
wk02.h082,        1.84,        1.72,        0.20,        0.00,        0.00,        0.80,        0.00,        0.00
wk02.h083,        2.15,        1.72,        0.15,        0.00,        0.00,        0.67,        0.00,        0.00
wk02.h084,        2.16,        1.72,        0.15,        0.00,        0.00,        0.74,        0.00,        0.00
wk02.h085,        1.94,        1.72,        0.15,        0.00,        0.00,        0.99,        0.00,        0.00
wk02.h086,        1.74,        1.72,        0.20,        0.00,        0.00,        1.20,        0.00,        0.00
wk02.h087,        1.67,        1.72,        0.32,        0.00,        0.00,        1.20,        0.00,        0.00
wk02.h088,        1.63,        1.72,        0.41,        0.00,        0.00,        1.20,        0.00,        0.00
wk02.h089,        1.79,        1.72,        0.26,        0.00,        0.00,        1.20,        0.00,        0.00
wk02.h090,        1.96,        1.72,        0.15,        0.00,        0.00,        1.14,        0.00,        0.00
wk02.h091,        2.33,        1.72,        0.00,        0.00,        0.00,        0.84,        0.00,        0.00
wk02.h092,        2.70,        1.72,        0.00,        0.00,        0.00,        0.44,        0.00,        0.00
wk02.h093,        2.73,        1.72,        0.00,        0.00,        0.00,        0.63,        0.00,        0.00
wk02.h094,        2.84,        1.72,        0.00,        0.00,        0.00,        0.50,        0.00,        0.00
wk02.h095,        3.02,        1.65,        0.00,        0.00,        0.00,        0.12,        0.00,        0.00
wk02.h096,        3.12,        1.23,        0.00,        0.00,        0.00,        0.00,        0.00,        0.00
wk02.h097,        3.10,        0.86,        0.00,        0.00,        0.00,        0.00,        0.00,        0.00
wk02.h098,        2.86,        0.86,        0.00,        0.00,        0.00,        0.00,        0.00,        0.00
wk02.h099,        2.74,        0.86,        0.00,        0.00,        0.00,        0.00,        0.00,        0.00
wk02.h100,        2.66,        0.86,        0.00,        0.00,        0.00,        0.00,        0.00,        0.00
wk02.h101,        2.64,        0.86,        0.00,        0.00,        0.00,        0.00,        0.00,        0.00
wk02.h102,        2.74,        0.86,        0.00,        0.00,        0.00,        0.00,        0.00,        0.00
wk02.h103,        2.88,        1.15,        0.00,        0.00,        0.00,        0.00,        0.00,        0.00
wk02.h104,        2.88,        1.67,        0.00,        0.00,        0.00,        0.00,        0.05,        0.00
wk02.h105,        2.90,        1.68,        0.00,        0.00,        0.00,        0.00,        0.00,        0.00
wk02.h106,        2.77,        1.72,        0.00,        0.00,        0.00,        0.13,        0.00,        0.00
wk02.h107,        2.73,        1.72,        0.00,        0.00,        0.00,        0.29,        0.00,        0.00
wk02.h108,        2.28,        1.72,        0.00,        0.00,        0.00,        0.83,        0.00,        0.00
wk02.h109,        2.18,        1.72,        0.00,        0.00,        0.00,        1.00,        0.00,        0.00
wk02.h110,        2.33,        1.72,        0.00,        0.00,        0.00,        0.92,        0.00,        0.00
wk02.h111,        2.33,        1.72,        0.00,        0.00,        0.00,        0.99,        0.00,        0.00
wk02.h112,        2.18,        1.72,        0.15,        0.00,        0.00,        1.07,        0.00,        0.00
wk02.h113,        2.20,        1.72,        0.15,        0.00,        0.00,        1.10,        0.00,        0.00
wk02.h114,        2.28,        1.72,        0.29,        0.00,        0.00,        0.87,        0.00,        0.00
wk02.h115,        2.58,        1.72,        0.29,        0.00,        0.00,        0.49,        0.00,        0.00
wk02.h116,        2.85,        1.72,        0.29,        0.00,        0.00,        0.13,        0.00,        0.00
wk02.h117,        2.65,        1.72,        0.44,        0.00,        0.00,        0.40,        0.00,        0.00
wk02.h118,        2.79,        1.72,        0.29,        0.00,        0.00,        0.39,        0.00,        0.00
wk02.h119,        2.63,        1.72,        0.54,        0.00,        0.00,        0.00,        0.00,        0.00
wk02.h120,        2.89,        1.54,        0.00,        0.00,        0.00,        0.00,        0.00,        0.00
wk02.h121,        3.00,        1.02,        0.00,        0.00,        0.00,        0.00,        0.00,        0.00
wk02.h122,        2.88,        0.86,        0.00,        0.00,        0.00,        0.00,        0.00,        0.00
wk02.h123,        2.57,        1.03,        0.00,        0.00,        0.00,        0.00,        0.00,        0.00
wk02.h124,        2.00,        1.52,        0.00,        0.00,        0.00,        0.00,        0.00,        0.00
wk02.h125,        1.57,        1.72,        0.21,        0.00,        0.00,        0.00,        0.00,        0.00
wk02.h126,        1.65,        1.72,        0.23,        0.00,        0.00,        0.00,        0.00,        0.00
wk02.h127,        1.87,        1.72,        0.15,        0.00,        0.00,        0.26,        0.00,        0.00
wk02.h128,        1.94,        1.72,        0.15,        0.00,        0.00,        0.80,        0.00,        0.00
wk02.h129,        1.97,        1.72,        0.15,        0.00,        0.00,        0.72,        0.00,        0.00
wk02.h130,        1.81,        1.72,        0.30,        0.00,        0.00,        0.80,        0.00,        0.00
wk02.h131,        1.58,        1.72,        0.22,        0.00,        0.00,        1.20,        0.00,        0.00
wk02.h132,        2.02,        1.72,        0.00,        0.00,        0.00,        1.08,        0.00,        0.00
wk02.h133,        2.35,        1.72,        0.00,        0.00,        0.00,        0.80,        0.00,        0.00
wk02.h134,        2.70,        1.72,        0.00,        0.00,        0.00,        0.50,        0.00,        0.00
wk02.h135,        2.76,        1.72,        0.00,        0.00,        0.00,        0.48,        0.00,        0.00
wk02.h136,        2.76,        1.72,        0.00,        0.00,        0.00,        0.50,        0.00,        0.00
wk02.h137,        2.52,        1.72,        0.00,        0.00,        0.00,        0.74,        0.00,        0.00
wk02.h138,        2.42,        1.72,        0.15,        0.00,        0.00,        0.65,        0.00,        0.00
wk02.h139,        2.07,        1.72,        0.15,        0.00,        0.00,        0.96,        0.00,        0.00
wk02.h140,        1.99,        1.72,        0.15,        0.00,        0.00,        0.96,        0.00,        0.00
wk02.h141,        1.79,        1.72,        0.37,        0.00,        0.00,        1.20,        0.00,        0.00
wk02.h142,        1.79,        1.72,        0.34,        0.00,        0.00,        1.20,        0.00,        0.00
wk02.h143,        2.05,        1.72,        0.24,        0.00,        0.00,        0.80,        0.00,        0.00
wk02.h144,        2.58,        1.62,        0.00,        0.00,        0.00,        0.19,        0.00,        0.00
wk02.h145,        2.91,        1.10,        0.00,        0.00,        0.00,        0.00,        0.00,        0.00
wk02.h146,        2.79,        0.96,        0.00,        0.00,        0.00,        0.00,        0.00,        0.00
wk02.h147,        2.71,        0.92,        0.00,        0.00,        0.00,        0.00,        0.00,        0.00
wk02.h148,        2.56,        0.98,        0.00,        0.00,        0.00,        0.00,        0.00,        0.00
wk02.h149,        2.67,        0.86,        0.00,        0.00,        0.00,        0.00,        0.00,        0.00
wk02.h150,        2.78,        0.86,        0.00,        0.00,        0.00,        0.00,        0.00,        0.00
wk02.h151,        2.90,        1.10,        0.00,        0.00,        0.00,        0.00,        0.00,        0.00
wk02.h152,        2.86,        1.61,        0.15,        0.00,        0.00,        0.00,        0.00,        0.00
wk02.h153,        2.66,        1.72,        0.27,        0.00,        0.00,        0.00,        0.00,        0.00
wk02.h154,        2.31,        1.72,        0.66,        0.00,        0.00,        0.00,        0.00,        0.00
wk02.h155,        2.16,        1.72,        0.52,        0.00,        0.00,        0.40,        0.00,        0.00
wk02.h156,        2.24,        1.72,        0.54,        0.00,        0.00,        0.40,        0.00,        0.00
wk02.h157,        2.47,        1.72,        0.36,        0.00,        0.00,        0.40,        0.00,        0.00
wk02.h158,        2.77,        1.72,        0.15,        0.00,        0.00,        0.36,        0.00,        0.00
wk02.h159,        2.57,        1.72,        0.33,        0.00,        0.00,        0.40,        0.00,        0.00
wk02.h160,        2.43,        1.72,        0.43,        0.00,        0.00,        0.40,        0.00,        0.00
wk02.h161,        2.92,        1.72,        0.00,        0.00,        0.00,        0.38,        0.00,        0.00
wk02.h162,        3.15,        1.71,        0.00,        0.00,        0.00,        0.12,        0.00,        0.00
wk02.h163,        3.23,        1.70,        0.00,        0.00,        0.00,        0.00,        0.00,        0.00
wk02.h164,        3.28,        1.53,        0.00,        0.00,        0.00,        0.00,        0.00,        0.00
wk02.h165,        3.27,        1.68,        0.00,        0.00,        0.00,        0.00,        0.00,        0.00
wk02.h166,        3.20,        1.70,        0.00,        0.00,        0.00,        0.00,        0.00,        0.00
wk02.h167,        3.30,        1.39,        0.00,        0.00,        0.00,        0.00,        0.00,        0.00
wk02.h168,        3.18,        1.20,        0.00,        0.00,        0.00,        0.00,        0.00,        0.00
wk03.h001,        2.21,        1.34,        0.00,        0.00,        0.00,        0.36,        0.00,        0.00
wk03.h002,        2.15,        1.26,        0.00,        0.00,        0.00,        0.36,        0.00,        0.00
wk03.h003,        1.81,        1.48,        0.00,        0.00,        0.00,        0.36,        0.00,        0.00
wk03.h004,        1.47,        1.72,        0.00,        0.00,        0.00,        0.44,        0.00,        0.00
wk03.h005,        1.39,        1.72,        0.00,        0.00,        0.00,        0.50,        0.00,        0.00
wk03.h006,        1.10,        1.72,        0.00,        0.00,        0.00,        0.86,        0.00,        0.00
wk03.h007,        1.33,        1.72,        0.00,        0.00,        0.00,        0.76,        0.00,        0.00
wk03.h008,        1.47,        1.72,        0.00,        0.00,        0.00,        0.88,        0.00,        0.00
wk03.h009,        1.02,        1.72,        0.35,        0.00,        0.00,        1.20,        0.00,        0.00
wk03.h010,        0.93,        1.72,        0.79,        0.00,        0.00,        1.20,        0.00,        0.00
wk03.h011,        0.83,        1.72,        1.16,        0.00,        0.00,        1.20,        0.00,        0.00
wk03.h012,        0.68,        1.72,        1.44,        0.00,        0.00,        1.20,        0.00,        0.00
wk03.h013,        0.50,        1.72,        1.64,        0.00,        0.00,        1.20,        0.00,        0.00
wk03.h014,        0.34,        1.72,        1.76,        0.00,        0.00,        1.20,        0.00,        0.00
wk03.h015,        0.16,        1.72,        1.87,        0.00,        0.00,        1.20,        0.00,        0.00
wk03.h016,        0.13,        1.72,        1.87,        0.00,        0.00,        1.20,        0.00,        0.00
wk03.h017,        0.16,        1.72,        1.87,        0.00,        0.00,        1.20,        0.00,        0.00
wk03.h018,        0.11,        1.72,        1.95,        0.00,        0.00,        1.20,        0.00,        0.00
wk03.h019,        0.11,        1.72,        2.05,        0.00,        0.00,        1.20,        0.00,        0.00
wk03.h020,        0.03,        1.72,        2.20,        0.00,        0.00,        1.20,        0.00,        0.00
wk03.h021,        0.00,        1.72,        2.44,        0.00,        0.00,        1.20,        0.00,        0.00
wk03.h022,        0.00,        1.72,        2.48,        0.00,        0.00,        1.20,        0.00,        0.00
wk03.h023,        0.00,        1.72,        2.29,        0.00,        0.00,        1.20,        0.00,        0.00
wk03.h024,        0.00,        1.72,        2.08,        0.00,        0.00,        1.20,        0.00,        0.00
wk03.h025,        0.00,        1.72,        1.79,        0.00,        0.00,        1.20,        0.00,        0.00
wk03.h026,        0.00,        1.72,        1.61,        0.00,        0.00,        1.20,        0.00,        0.00
wk03.h027,        0.00,        1.72,        1.50,        0.00,        0.00,        1.20,        0.00,        0.00
wk03.h028,        0.00,        1.72,        1.45,        0.00,        0.00,        1.20,        0.00,        0.00
wk03.h029,        0.00,        1.72,        1.42,        0.00,        0.00,        1.20,        0.00,        0.00
wk03.h030,        0.00,        1.72,        1.48,        0.00,        0.00,        1.20,        0.00,        0.00
wk03.h031,        0.00,        1.72,        1.57,        0.00,        0.00,        1.20,        0.00,        0.00
wk03.h032,        0.00,        1.72,        1.80,        0.00,        0.00,        1.20,        0.00,        0.00
wk03.h033,        0.00,        1.72,        1.94,        0.00,        0.00,        1.20,        0.00,        0.00
wk03.h034,        0.00,        1.72,        2.07,        0.00,        0.00,        1.20,        0.00,        0.00
wk03.h035,        0.00,        1.72,        2.04,        0.00,        0.00,        1.20,        0.00,        0.00
wk03.h036,        0.08,        1.72,        1.83,        0.00,        0.00,        1.20,        0.00,        0.00
wk03.h037,        0.17,        1.72,        1.59,        0.00,        0.00,        1.20,        0.00,        0.00
wk03.h038,        0.29,        1.72,        1.31,        0.00,        0.00,        1.20,        0.00,        0.00
wk03.h039,        0.45,        1.72,        0.99,        0.00,        0.00,        1.20,        0.00,        0.00
wk03.h040,        0.44,        1.72,        0.84,        0.00,        0.00,        1.20,        0.00,        0.00
wk03.h041,        0.54,        1.72,        0.63,        0.00,        0.00,        1.20,        0.00,        0.00
wk03.h042,        0.57,        1.72,        0.58,        0.00,        0.00,        1.20,        0.00,        0.00
wk03.h043,        0.63,        1.72,        0.59,        0.00,        0.00,        1.20,        0.00,        0.00
wk03.h044,        0.66,        1.72,        0.73,        0.00,        0.00,        1.20,        0.00,        0.00
wk03.h045,        0.73,        1.72,        0.98,        0.00,        0.00,        1.20,        0.06,        0.00
wk03.h046,        0.91,        1.72,        0.94,        0.00,        0.00,        1.20,        0.00,        0.00
wk03.h047,        1.02,        1.72,        0.65,        0.00,        0.00,        1.20,        0.00,        0.00
wk03.h048,        1.06,        1.72,        0.33,        0.00,        0.00,        1.20,        0.00,        0.00
wk03.h049,        1.19,        1.72,        0.00,        0.00,        0.00,        1.08,        0.00,        0.00
wk03.h050,        1.06,        1.72,        0.00,        0.00,        0.00,        1.08,        0.00,        0.00
wk03.h051,        1.11,        1.72,        0.00,        0.00,        0.00,        0.96,        0.00,        0.00
wk03.h052,        0.95,        1.72,        0.00,        0.00,        0.00,        1.11,        0.00,        0.00
wk03.h053,        0.74,        1.72,        0.17,        0.00,        0.00,        1.20,        0.00,        0.00
wk03.h054,        0.83,        1.72,        0.25,        0.00,        0.00,        1.20,        0.00,        0.00
wk03.h055,        1.01,        1.72,        0.53,        0.00,        0.00,        1.20,        0.00,        0.00
wk03.h056,        0.77,        1.72,        1.32,        0.00,        0.00,        1.20,        0.00,        0.00
wk03.h057,        0.58,        1.72,        1.49,        0.00,        0.00,        1.20,        0.00,        0.00
wk03.h058,        0.66,        1.72,        1.45,        0.00,        0.00,        1.20,        0.00,        0.00
wk03.h059,        0.43,        1.72,        1.68,        0.00,        0.00,        1.20,        0.00,        0.00
wk03.h060,        0.54,        1.72,        1.51,        0.00,        0.00,        1.20,        0.00,        0.00
wk03.h061,        0.47,        1.72,        1.48,        0.00,        0.00,        1.20,        0.00,        0.00
wk03.h062,        0.53,        1.72,        1.36,        0.00,        0.00,        1.20,        0.00,        0.00
wk03.h063,        0.31,        1.72,        1.46,        0.00,        0.00,        1.20,        0.00,        0.00
wk03.h064,        0.30,        1.72,        1.39,        0.00,        0.00,        1.20,        0.00,        0.00
wk03.h065,        0.41,        1.72,        1.26,        0.00,        0.00,        1.20,        0.00,        0.00
wk03.h066,        0.39,        1.72,        1.28,        0.00,        0.00,        1.20,        0.00,        0.00
wk03.h067,        0.51,        1.72,        1.21,        0.00,        0.00,        1.20,        0.00,        0.00
wk03.h068,        1.02,        1.72,        1.16,        0.00,        0.00,        0.80,        0.00,        0.00
wk03.h069,        1.42,        1.72,        0.97,        0.00,        0.00,        0.80,        0.00,        0.00
wk03.h070,        2.21,        1.72,        0.19,        0.00,        0.00,        0.80,        0.00,        0.00
wk03.h071,        2.55,        1.72,        0.15,        0.00,        0.00,        0.17,        0.00,        0.00
wk03.h072,        2.59,        1.31,        0.15,        0.00,        0.00,        0.12,        0.00,        0.00
wk03.h073,        1.05,        1.72,        0.49,        0.00,        0.00,        0.40,        0.16,        0.00
wk03.h074,        1.44,        1.72,        0.15,        0.00,        0.00,        0.33,        0.00,        0.00
wk03.h075,        1.74,        1.68,        0.00,        0.00,        0.00,        0.12,        0.00,        0.00
wk03.h076,        2.32,        1.17,        0.00,        0.00,        0.00,        0.00,        0.00,        0.00
wk03.h077,        2.63,        0.91,        0.00,        0.00,        0.00,        0.00,        0.00,        0.00
wk03.h078,        2.58,        1.11,        0.00,        0.00,        0.00,        0.00,        0.00,        0.00
wk03.h079,        2.52,        1.63,        0.00,        0.00,        0.00,        0.00,        0.00,        0.00
wk03.h080,        2.36,        1.72,        0.25,        0.00,        0.00,        0.40,        0.00,        0.00
wk03.h081,        2.39,        1.72,        0.15,        0.00,        0.00,        0.38,        0.00,        0.00
wk03.h082,        2.28,        1.72,        0.25,        0.00,        0.00,        0.40,        0.00,        0.00
wk03.h083,        2.18,        1.72,        0.15,        0.00,        0.00,        0.64,        0.00,        0.00
wk03.h084,        2.16,        1.72,        0.15,        0.00,        0.00,        0.69,        0.00,        0.00
wk03.h085,        2.42,        1.72,        0.15,        0.00,        0.00,        0.42,        0.00,        0.00
wk03.h086,        2.39,        1.72,        0.00,        0.00,        0.00,        0.61,        0.00,        0.00
wk03.h087,        2.65,        1.72,        0.00,        0.00,        0.00,        0.39,        0.00,        0.00
wk03.h088,        2.44,        1.72,        0.00,        0.00,        0.00,        0.61,        0.00,        0.00
wk03.h089,        2.14,        1.72,        0.00,        0.00,        0.00,        0.99,        0.00,        0.00
wk03.h090,        1.92,        1.72,        0.29,        0.00,        0.00,        0.95,        0.00,        0.00
wk03.h091,        1.99,        1.72,        0.29,        0.00,        0.00,        0.88,        0.00,        0.00
wk03.h092,        1.45,        1.72,        0.46,        0.00,        0.00,        1.20,        0.00,        0.00
wk03.h093,        1.04,        1.72,        0.96,        0.00,        0.00,        1.20,        0.00,        0.00
wk03.h094,        1.33,        1.72,        0.80,        0.00,        0.00,        1.20,        0.00,        0.00
wk03.h095,        1.48,        1.72,        0.36,        0.00,        0.00,        1.20,        0.00,        0.00
wk03.h096,        2.54,        1.37,        0.00,        0.00,        0.00,        0.39,        0.00,        0.00
wk03.h097,        2.65,        0.86,        0.00,        0.00,        0.00,        0.36,        0.00,        0.00
wk03.h098,        2.35,        0.89,        0.00,        0.00,        0.00,        0.36,        0.00,        0.00
wk03.h099,        1.52,        1.41,        0.00,        0.00,        0.00,        0.53,        0.00,        0.00
wk03.h100,        1.21,        1.72,        0.00,        0.00,        0.00,        0.46,        0.00,        0.00
wk03.h101,        1.24,        1.72,        0.00,        0.00,        0.00,        0.44,        0.00,        0.00
wk03.h102,        0.93,        1.72,        0.00,        0.00,        0.00,        0.89,        0.00,        0.00
wk03.h103,        0.47,        1.72,        0.55,        0.00,        0.00,        1.20,        0.00,        0.00
wk03.h104,        0.17,        1.72,        1.43,        0.00,        0.00,        1.20,        0.00,        0.00
wk03.h105,        0.08,        1.72,        1.46,        0.00,        0.00,        1.20,        0.00,        0.00
wk03.h106,        0.01,        1.72,        1.56,        0.00,        0.00,        1.20,        0.00,        0.00
wk03.h107,        0.01,        1.72,        1.65,        0.00,        0.00,        1.20,        0.00,        0.00
wk03.h108,        0.08,        1.72,        1.67,        0.00,        0.00,        1.20,        0.00,        0.00
wk03.h109,        0.16,        1.72,        1.68,        0.00,        0.00,        1.20,        0.00,        0.00
wk03.h110,        0.69,        1.72,        1.24,        0.00,        0.00,        1.20,        0.00,        0.00
wk03.h111,        1.36,        1.72,        0.66,        0.00,        0.00,        1.20,        0.00,        0.00
wk03.h112,        1.60,        1.72,        0.51,        0.00,        0.00,        1.20,        0.00,        0.00
wk03.h113,        1.66,        1.72,        0.55,        0.00,        0.00,        1.20,        0.00,        0.00
wk03.h114,        1.14,        1.72,        1.12,        0.00,        0.00,        1.20,        0.00,        0.00
wk03.h115,        0.54,        1.72,        1.68,        0.00,        0.00,        1.20,        0.00,        0.00
wk03.h116,        0.21,        1.72,        1.89,        0.00,        0.00,        1.20,        0.00,        0.00
wk03.h117,        0.32,        1.72,        1.73,        0.00,        0.00,        1.20,        0.00,        0.00
wk03.h118,        0.74,        1.72,        1.39,        0.00,        0.00,        1.20,        0.00,        0.00
wk03.h119,        1.00,        1.72,        1.20,        0.00,        0.00,        0.80,        0.00,        0.00
wk03.h120,        1.30,        1.72,        0.36,        0.00,        0.00,        0.80,        0.00,        0.00
wk03.h121,        1.50,        1.72,        0.00,        0.00,        0.00,        0.56,        0.00,        0.00
wk03.h122,        1.63,        1.72,        0.00,        0.00,        0.00,        0.20,        0.00,        0.00
wk03.h123,        1.75,        1.71,        0.00,        0.00,        0.00,        0.00,        0.00,        0.00
wk03.h124,        1.75,        1.63,        0.00,        0.00,        0.00,        0.00,        0.00,        0.00
wk03.h125,        1.75,        1.65,        0.00,        0.00,        0.00,        0.00,        0.00,        0.00
wk03.h126,        2.25,        1.29,        0.00,        0.00,        0.00,        0.00,        0.00,        0.00
wk03.h127,        2.15,        1.66,        0.15,        0.00,        0.00,        0.00,        0.00,        0.00
wk03.h128,        2.36,        1.72,        0.44,        0.00,        0.00,        0.00,        0.00,        0.00
wk03.h129,        2.62,        1.69,        0.15,        0.00,        0.00,        0.00,        0.00,        0.00
wk03.h130,        2.61,        1.72,        0.17,        0.00,        0.00,        0.00,        0.00,        0.00
wk03.h131,        2.63,        1.68,        0.15,        0.00,        0.00,        0.12,        0.00,        0.00
wk03.h132,        2.87,        1.49,        0.15,        0.00,        0.00,        0.12,        0.00,        0.00
wk03.h133,        3.00,        1.53,        0.00,        0.00,        0.00,        0.12,        0.00,        0.00
wk03.h134,        2.94,        1.67,        0.00,        0.00,        0.00,        0.12,        0.00,        0.00
wk03.h135,        2.88,        1.72,        0.00,        0.00,        0.00,        0.25,        0.00,        0.00
wk03.h136,        2.72,        1.72,        0.00,        0.00,        0.00,        0.47,        0.00,        0.00
wk03.h137,        2.44,        1.72,        0.00,        0.00,        0.00,        0.79,        0.00,        0.00
wk03.h138,        2.52,        1.72,        0.15,        0.00,        0.00,        0.58,        0.00,        0.00
wk03.h139,        2.58,        1.72,        0.15,        0.00,        0.00,        0.47,        0.00,        0.00
wk03.h140,        2.59,        1.72,        0.15,        0.00,        0.00,        0.33,        0.00,        0.00
wk03.h141,        2.84,        1.72,        0.15,        0.00,        0.00,        0.21,        0.00,        0.00
wk03.h142,        2.84,        1.72,        0.15,        0.00,        0.00,        0.35,        0.00,        0.00
wk03.h143,        2.93,        1.69,        0.15,        0.00,        0.00,        0.00,        0.00,        0.00
wk03.h144,        3.00,        1.32,        0.00,        0.00,        0.00,        0.00,        0.00,        0.00
wk03.h145,        2.57,        1.36,        0.00,        0.00,        0.00,        0.00,        0.00,        0.00
wk03.h146,        2.58,        1.10,        0.00,        0.00,        0.00,        0.00,        0.00,        0.00
wk03.h147,        2.57,        1.00,        0.00,        0.00,        0.00,        0.00,        0.00,        0.00
wk03.h148,        2.51,        1.01,        0.00,        0.00,        0.00,        0.00,        0.00,        0.00
wk03.h149,        2.31,        1.18,        0.00,        0.00,        0.00,        0.00,        0.00,        0.00
wk03.h150,        2.13,        1.47,        0.00,        0.00,        0.00,        0.00,        0.00,        0.00
wk03.h151,        2.23,        1.67,        0.00,        0.00,        0.00,        0.12,        0.00,        0.00
wk03.h152,        2.26,        1.72,        0.00,        0.00,        0.00,        0.60,        0.00,        0.00
wk03.h153,        2.11,        1.72,        0.00,        0.00,        0.00,        0.75,        0.00,        0.00
wk03.h154,        2.04,        1.72,        0.00,        0.00,        0.00,        0.80,        0.11,        0.00
wk03.h155,        1.88,        1.72,        0.00,        0.00,        0.00,        1.19,        0.00,        0.00
wk03.h156,        1.91,        1.72,        0.00,        0.00,        0.00,        1.19,        0.00,        0.00
wk03.h157,        2.18,        1.72,        0.00,        0.00,        0.00,        1.01,        0.00,        0.00
wk03.h158,        2.22,        1.72,        0.00,        0.00,        0.00,        1.02,        0.00,        0.00
wk03.h159,        2.53,        1.72,        0.00,        0.00,        0.00,        0.75,        0.00,        0.00
wk03.h160,        2.39,        1.72,        0.00,        0.00,        0.00,        0.93,        0.00,        0.00
wk03.h161,        2.34,        1.72,        0.00,        0.00,        0.00,        1.04,        0.00,        0.00
wk03.h162,        2.09,        1.72,        0.15,        0.00,        0.00,        1.15,        0.00,        0.00
wk03.h163,        2.08,        1.72,        0.29,        0.00,        0.00,        0.99,        0.00,        0.00
wk03.h164,        1.75,        1.72,        0.29,        0.00,        0.00,        1.17,        0.00,        0.00
wk03.h165,        1.19,        1.72,        0.89,        0.00,        0.00,        1.20,        0.00,        0.00
wk03.h166,        0.89,        1.72,        0.98,        0.00,        0.00,        1.20,        0.20,        0.00
wk03.h167,        1.14,        1.72,        0.67,        0.00,        0.00,        1.20,        0.00,        0.00
wk03.h168,        1.31,        1.72,        0.19,        0.00,        0.00,        1.20,        0.00,        0.00
wk04.h001,        1.92,        2.29,        0.34,        0.00,        0.00,        1.60,        0.00,        0.00
wk04.h002,        2.04,        2.29,        0.15,        0.00,        0.00,        1.26,        0.00,        0.00
wk04.h003,        2.15,        2.29,        0.15,        0.00,        0.00,        0.84,        0.00,        0.00
wk04.h004,        1.95,        2.29,        0.15,        0.00,        0.00,        0.84,        0.00,        0.00
wk04.h005,        1.65,        2.29,        0.15,        0.00,        0.00,        0.93,        0.00,        0.00
wk04.h006,        1.57,        2.29,        0.15,        0.00,        0.00,        0.97,        0.00,        0.00
wk04.h007,        1.53,        2.29,        0.15,        0.00,        0.00,        1.08,        0.00,        0.00
wk04.h008,        1.49,        2.29,        0.15,        0.00,        0.00,        1.14,        0.00,        0.00
wk04.h009,        1.30,        2.29,        0.15,        0.00,        0.00,        1.58,        0.00,        0.00
wk04.h010,        0.85,        2.29,        1.11,        0.00,        0.00,        1.60,        0.00,        0.00
wk04.h011,        0.81,        2.29,        1.80,        0.00,        0.00,        1.60,        0.00,        0.00
wk04.h012,        0.36,        2.29,        2.88,        0.00,        0.00,        1.60,        0.00,        0.00
wk04.h013,        0.23,        2.29,        3.43,        0.00,        0.00,        1.60,        0.12,        0.00
wk04.h014,        0.25,        2.29,        3.43,        0.00,        0.00,        1.60,        0.54,        0.00
wk04.h015,        0.20,        2.29,        3.43,        0.00,        0.00,        1.60,        0.86,        0.00
wk04.h016,        0.25,        2.29,        3.43,        0.00,        0.00,        1.60,        1.00,        0.00
wk04.h017,        0.32,        2.29,        3.43,        0.03,        0.00,        1.60,        1.03,        0.00
wk04.h018,        0.33,        2.29,        3.43,        0.03,        0.00,        1.60,        1.04,        0.00
wk04.h019,        0.49,        2.29,        3.43,        0.00,        0.00,        1.60,        0.76,        0.00
wk04.h020,        0.55,        2.29,        3.43,        0.00,        0.00,        1.60,        0.35,        0.00
wk04.h021,        0.72,        2.29,        3.23,        0.00,        0.00,        1.60,        0.00,        0.00
wk04.h022,        1.04,        2.29,        2.81,        0.00,        0.00,        1.60,        0.00,        0.00
wk04.h023,        1.37,        2.29,        1.95,        0.00,        0.00,        1.60,        0.05,        0.00
wk04.h024,        1.69,        2.29,        1.14,        0.00,        0.00,        1.60,        0.00,        0.00
wk04.h025,        1.82,        2.29,        0.52,        0.00,        0.00,        1.60,        0.00,        0.00
wk04.h026,        1.86,        2.29,        0.29,        0.00,        0.00,        1.34,        0.00,        0.00
wk04.h027,        1.83,        2.29,        0.29,        0.00,        0.00,        1.03,        0.00,        0.00
wk04.h028,        1.44,        2.29,        0.29,        0.00,        0.00,        1.21,        0.00,        0.00
wk04.h029,        1.21,        2.29,        0.29,        0.00,        0.00,        1.25,        0.00,        0.00
wk04.h030,        1.01,        2.29,        0.29,        0.00,        0.00,        1.36,        0.00,        0.00
wk04.h031,        0.87,        2.29,        0.29,        0.00,        0.00,        1.49,        0.00,        0.00
wk04.h032,        0.64,        2.29,        0.36,        0.00,        0.00,        1.60,        0.00,        0.00
wk04.h033,        0.42,        2.29,        0.79,        0.00,        0.00,        1.60,        0.00,        0.00
wk04.h034,        0.17,        2.29,        1.47,        0.00,        0.00,        1.60,        0.18,        0.00
wk04.h035,        0.26,        2.29,        2.19,        0.00,        0.00,        1.60,        0.00,        0.00
wk04.h036,        0.17,        2.29,        2.92,        0.03,        0.00,        1.60,        0.00,        0.00
wk04.h037,        0.11,        2.29,        3.43,        0.00,        0.00,        1.60,        0.15,        0.00
wk04.h038,        0.13,        2.29,        3.43,        0.00,        0.00,        1.60,        0.59,        0.00
wk04.h039,        0.18,        2.29,        3.43,        0.00,        0.00,        1.60,        0.88,        0.00
wk04.h040,        0.20,        2.29,        3.43,        0.05,        0.00,        1.60,        1.05,        0.00
wk04.h041,        0.19,        2.29,        3.43,        0.13,        0.00,        1.60,        1.05,        0.00
wk04.h042,        0.21,        2.29,        3.43,        0.11,        0.00,        1.60,        1.05,        0.00
wk04.h043,        0.24,        2.29,        3.43,        0.00,        0.00,        1.60,        1.01,        0.00
wk04.h044,        0.27,        2.29,        3.43,        0.00,        0.00,        1.60,        0.74,        0.00
wk04.h045,        0.29,        2.29,        3.43,        0.00,        0.00,        1.60,        0.36,        0.00
wk04.h046,        0.48,        2.29,        3.43,        0.00,        0.00,        1.60,        0.06,        0.00
wk04.h047,        0.73,        2.29,        2.75,        0.00,        0.00,        1.60,        0.00,        0.00
wk04.h048,        0.83,        2.29,        2.02,        0.00,        0.00,        1.60,        0.00,        0.00
wk04.h049,        0.82,        2.29,        1.46,        0.00,        0.00,        1.60,        0.00,        0.00
wk04.h050,        0.83,        2.29,        1.03,        0.00,        0.00,        1.60,        0.00,        0.00
wk04.h051,        0.91,        2.29,        0.88,        0.00,        0.00,        1.38,        0.00,        0.00
wk04.h052,        0.89,        2.29,        0.88,        0.00,        0.00,        1.23,        0.00,        0.00
wk04.h053,        0.66,        2.29,        0.88,        0.00,        0.00,        1.38,        0.00,        0.00
wk04.h054,        0.34,        2.29,        1.01,        0.00,        0.00,        1.60,        0.00,        0.00
wk04.h055,        0.20,        2.29,        1.43,        0.00,        0.00,        1.60,        0.00,        0.00
wk04.h056,        0.11,        2.29,        1.74,        0.00,        0.00,        1.60,        0.00,        0.00
wk04.h057,        0.04,        2.29,        2.00,        0.00,        0.00,        1.60,        0.00,        0.00
wk04.h058,        0.00,        2.29,        2.55,        0.00,        0.00,        1.60,        0.00,        0.00
wk04.h059,        0.00,        2.29,        3.16,        0.00,        0.00,        1.60,        0.00,        0.00
wk04.h060,        0.00,        2.29,        3.43,        0.00,        0.00,        1.60,        0.45,        0.00
wk04.h061,        0.03,        2.29,        3.43,        0.00,        0.00,        1.60,        0.99,        0.00
wk04.h062,        0.07,        2.29,        3.43,        0.37,        0.00,        1.60,        1.05,        0.00
wk04.h063,        0.11,        2.29,        3.43,        0.65,        0.00,        1.60,        1.05,        0.00
wk04.h064,        0.11,        2.29,        3.43,        0.81,        0.00,        1.60,        1.05,        0.00
wk04.h065,        0.16,        2.29,        3.43,        0.77,        0.00,        1.60,        1.05,        0.00
wk04.h066,        0.21,        2.29,        3.43,        0.63,        0.00,        1.60,        1.05,        0.00
wk04.h067,        0.21,        2.29,        3.43,        0.48,        0.00,        1.60,        1.05,        0.00
wk04.h068,        0.21,        2.29,        3.43,        0.17,        0.00,        1.60,        1.05,        0.00
wk04.h069,        0.22,        2.29,        3.43,        0.00,        0.00,        1.60,        0.84,        0.00
wk04.h070,        0.31,        2.29,        3.43,        0.00,        0.00,        1.60,        0.57,        0.00
wk04.h071,        0.48,        2.29,        3.25,        0.00,        0.00,        1.60,        0.00,        0.00
wk04.h072,        0.63,        2.29,        2.47,        0.00,        0.00,        1.60,        0.00,        0.00
wk04.h073,        0.63,        2.29,        1.78,        0.00,        0.00,        1.60,        0.00,        0.00
wk04.h074,        0.53,        2.29,        1.46,        0.00,        0.00,        1.60,        0.00,        0.00
wk04.h075,        0.51,        2.29,        1.14,        0.00,        0.00,        1.60,        0.00,        0.00
wk04.h076,        0.51,        2.29,        1.03,        0.00,        0.00,        1.51,        0.00,        0.00
wk04.h077,        0.40,        2.29,        1.03,        0.00,        0.00,        1.52,        0.00,        0.00
wk04.h078,        0.31,        2.29,        1.09,        0.00,        0.00,        1.60,        0.00,        0.00
wk04.h079,        0.26,        2.29,        1.34,        0.00,        0.00,        1.60,        0.00,        0.00
wk04.h080,        0.17,        2.29,        1.62,        0.00,        0.00,        1.60,        0.00,        0.00
wk04.h081,        0.04,        2.29,        1.93,        0.00,        0.00,        1.60,        0.00,        0.00
wk04.h082,        0.00,        2.29,        2.43,        0.00,        0.00,        1.60,        0.00,        0.00
wk04.h083,        0.00,        2.29,        3.01,        0.00,        0.00,        1.60,        0.00,        0.00
wk04.h084,        0.00,        2.29,        3.43,        0.00,        0.00,        1.60,        0.24,        0.00
wk04.h085,        0.05,        2.29,        3.43,        0.00,        0.00,        1.60,        0.72,        0.00
wk04.h086,        0.11,        2.29,        3.43,        0.06,        0.00,        1.60,        1.05,        0.00
wk04.h087,        0.20,        2.29,        3.43,        0.32,        0.00,        1.60,        1.05,        0.00
wk04.h088,        0.31,        2.29,        3.43,        0.43,        0.00,        1.60,        1.05,        0.00
wk04.h089,        0.51,        2.29,        3.43,        0.33,        0.00,        1.60,        1.05,        0.00
wk04.h090,        0.63,        2.29,        3.43,        0.19,        0.00,        1.60,        1.05,        0.00
wk04.h091,        0.63,        2.29,        3.43,        0.06,        0.00,        1.60,        1.05,        0.00
wk04.h092,        0.55,        2.29,        3.43,        0.00,        0.00,        1.60,        0.87,        0.00
wk04.h093,        0.42,        2.29,        3.43,        0.00,        0.00,        1.60,        0.63,        0.00
wk04.h094,        0.65,        2.29,        3.43,        0.00,        0.00,        1.60,        0.27,        0.00
wk04.h095,        0.77,        2.29,        3.06,        0.00,        0.00,        1.60,        0.00,        0.00
wk04.h096,        0.95,        2.29,        2.28,        0.00,        0.00,        1.60,        0.00,        0.00
wk04.h097,        1.14,        2.29,        1.38,        0.00,        0.00,        1.60,        0.00,        0.00
wk04.h098,        1.03,        2.29,        1.04,        0.00,        0.00,        1.60,        0.00,        0.00
wk04.h099,        0.94,        2.29,        0.88,        0.00,        0.00,        1.55,        0.00,        0.00
wk04.h100,        0.89,        2.29,        0.88,        0.00,        0.00,        1.39,        0.00,        0.00
wk04.h101,        0.82,        2.29,        0.88,        0.00,        0.00,        1.33,        0.00,        0.00
wk04.h102,        0.61,        2.29,        0.88,        0.00,        0.00,        1.54,        0.00,        0.00
wk04.h103,        0.35,        2.29,        1.33,        0.00,        0.00,        1.60,        0.00,        0.00
wk04.h104,        0.24,        2.29,        1.69,        0.00,        0.00,        1.60,        0.00,        0.00
wk04.h105,        0.13,        2.29,        1.95,        0.00,        0.00,        1.60,        0.00,        0.00
wk04.h106,        0.05,        2.29,        2.44,        0.00,        0.00,        1.60,        0.00,        0.00
wk04.h107,        0.04,        2.29,        2.94,        0.00,        0.00,        1.60,        0.05,        0.00
wk04.h108,        0.04,        2.29,        3.43,        0.00,        0.00,        1.60,        0.14,        0.00
wk04.h109,        0.07,        2.29,        3.43,        0.00,        0.00,        1.60,        0.66,        0.00
wk04.h110,        0.06,        2.29,        3.43,        0.00,        0.00,        1.60,        1.05,        0.00
wk04.h111,        0.09,        2.29,        3.43,        0.20,        0.00,        1.60,        1.05,        0.00
wk04.h112,        0.09,        2.29,        3.43,        0.31,        0.00,        1.60,        1.05,        0.00
wk04.h113,        0.09,        2.29,        3.43,        0.39,        0.00,        1.60,        1.05,        0.00
wk04.h114,        0.16,        2.29,        3.43,        0.22,        0.00,        1.60,        1.05,        0.00
wk04.h115,        0.18,        2.29,        3.43,        0.00,        0.00,        1.60,        1.00,        0.00
wk04.h116,        0.20,        2.29,        3.43,        0.00,        0.00,        1.60,        0.67,        0.00
wk04.h117,        0.25,        2.29,        3.43,        0.00,        0.00,        1.60,        0.35,        0.00
wk04.h118,        0.53,        2.29,        3.39,        0.00,        0.00,        1.60,        0.00,        0.00
wk04.h119,        0.76,        2.29,        2.71,        0.00,        0.00,        1.60,        0.00,        0.00
wk04.h120,        0.82,        2.29,        2.01,        0.00,        0.00,        1.60,        0.00,        0.00
wk04.h121,        1.11,        2.29,        1.15,        0.00,        0.00,        1.60,        0.00,        0.00
wk04.h122,        1.16,        2.29,        0.73,        0.00,        0.00,        1.60,        0.00,        0.00
wk04.h123,        0.98,        2.29,        0.73,        0.00,        0.00,        1.49,        0.00,        0.00
wk04.h124,        0.77,        2.29,        0.73,        0.00,        0.00,        1.49,        0.00,        0.00
wk04.h125,        0.57,        2.29,        0.76,        0.00,        0.00,        1.60,        0.00,        0.00
wk04.h126,        0.46,        2.29,        0.91,        0.00,        0.00,        1.60,        0.00,        0.00
wk04.h127,        0.45,        2.29,        1.19,        0.00,        0.00,        1.60,        0.00,        0.00
wk04.h128,        0.37,        2.29,        1.50,        0.00,        0.00,        1.60,        0.00,        0.00
wk04.h129,        0.24,        2.29,        1.74,        0.00,        0.00,        1.60,        0.00,        0.00
wk04.h130,        0.12,        2.29,        2.11,        0.00,        0.00,        1.60,        0.00,        0.00
wk04.h131,        0.01,        2.29,        2.59,        0.00,        0.00,        1.60,        0.00,        0.00
wk04.h132,        0.04,        2.29,        2.90,        0.00,        0.00,        1.60,        0.00,        0.00
wk04.h133,        0.11,        2.29,        3.06,        0.00,        0.00,        1.60,        0.00,        0.00
wk04.h134,        0.18,        2.29,        3.16,        0.00,        0.00,        1.60,        0.00,        0.00
wk04.h135,        0.19,        2.29,        3.36,        0.00,        0.00,        1.60,        0.00,        0.00
wk04.h136,        0.14,        2.29,        3.43,        0.00,        0.00,        1.60,        0.11,        0.00
wk04.h137,        0.14,        2.29,        3.43,        0.00,        0.00,        1.60,        0.25,        0.00
wk04.h138,        0.19,        2.29,        3.43,        0.00,        0.00,        1.60,        0.18,        0.00
wk04.h139,        0.26,        2.29,        3.43,        0.00,        0.00,        1.60,        0.00,        0.00
wk04.h140,        0.40,        2.29,        3.03,        0.00,        0.00,        1.60,        0.00,        0.00
wk04.h141,        0.55,        2.29,        2.73,        0.00,        0.00,        1.60,        0.00,        0.00
wk04.h142,        0.50,        2.29,        2.66,        0.00,        0.00,        1.60,        0.00,        0.00
wk04.h143,        0.65,        2.29,        2.15,        0.00,        0.00,        1.60,        0.00,        0.00
wk04.h144,        0.94,        2.29,        1.34,        0.00,        0.00,        1.60,        0.00,        0.00
wk04.h145,        0.71,        2.29,        1.10,        0.00,        0.00,        1.60,        0.00,        0.00
wk04.h146,        0.65,        2.29,        0.86,        0.00,        0.00,        1.60,        0.00,        0.00
wk04.h147,        0.28,        2.29,        1.03,        0.00,        0.00,        1.60,        0.00,        0.00
wk04.h148,        0.24,        2.29,        0.92,        0.00,        0.00,        1.60,        0.00,        0.00
wk04.h149,        0.46,        2.29,        0.63,        0.00,        0.00,        1.60,        0.00,        0.00
wk04.h150,        0.53,        2.29,        0.66,        0.00,        0.00,        1.60,        0.00,        0.00
wk04.h151,        0.49,        2.29,        1.01,        0.00,        0.00,        1.60,        0.00,        0.00
wk04.h152,        0.58,        2.29,        1.22,        0.00,        0.00,        1.60,        0.00,        0.00
wk04.h153,        0.66,        2.29,        1.30,        0.00,        0.00,        1.60,        0.00,        0.00
wk04.h154,        0.90,        2.29,        1.40,        0.00,        0.00,        1.60,        0.00,        0.00
wk04.h155,        1.00,        2.29,        1.68,        0.00,        0.00,        1.60,        0.00,        0.00
wk04.h156,        1.12,        2.29,        1.97,        0.00,        0.00,        1.60,        0.00,        0.00
wk04.h157,        1.29,        2.29,        2.20,        0.00,        0.00,        1.60,        0.00,        0.00
wk04.h158,        1.36,        2.29,        2.45,        0.00,        0.00,        1.60,        0.00,        0.00
wk04.h159,        1.05,        2.29,        3.10,        0.00,        0.00,        1.60,        0.00,        0.00
wk04.h160,        1.23,        2.29,        3.04,        0.00,        0.00,        1.60,        0.00,        0.00
wk04.h161,        0.50,        2.29,        3.43,        0.00,        0.00,        1.60,        0.26,        0.00
wk04.h162,        0.53,        2.29,        3.42,        0.00,        0.00,        1.60,        0.05,        0.00
wk04.h163,        0.45,        2.29,        3.31,        0.00,        0.00,        1.60,        0.00,        0.00
wk04.h164,        0.65,        2.29,        2.70,        0.00,        0.00,        1.60,        0.00,        0.00
wk04.h165,        0.69,        2.29,        2.38,        0.00,        0.00,        1.60,        0.00,        0.00
wk04.h166,        0.79,        2.29,        2.17,        0.00,        0.00,        1.60,        0.00,        0.00
wk04.h167,        0.73,        2.29,        1.95,        0.00,        0.00,        1.60,        0.00,        0.00
wk04.h168,        1.13,        2.29,        0.98,        0.00,        0.00,        1.60,        0.13,        0.00
wk05.h001,        1.83,        2.29,        0.00,        0.00,        0.00,        1.00,        0.00,        0.00
wk05.h002,        1.75,        2.29,        0.00,        0.00,        0.00,        0.70,        0.00,        0.00
wk05.h003,        1.58,        2.29,        0.00,        0.00,        0.00,        0.61,        0.00,        0.00
wk05.h004,        1.50,        2.29,        0.00,        0.00,        0.00,        0.53,        0.00,        0.00
wk05.h005,        1.21,        2.29,        0.00,        0.00,        0.00,        0.69,        0.00,        0.00
wk05.h006,        1.07,        2.29,        0.00,        0.00,        0.00,        0.80,        0.00,        0.00
wk05.h007,        1.03,        2.29,        0.00,        0.00,        0.00,        0.91,        0.00,        0.00
wk05.h008,        0.84,        2.29,        0.00,        0.00,        0.00,        1.23,        0.00,        0.00
wk05.h009,        0.82,        2.29,        0.00,        0.00,        0.00,        1.38,        0.00,        0.00
wk05.h010,        0.55,        2.29,        0.48,        0.00,        0.00,        1.60,        0.00,        0.00
wk05.h011,        0.38,        2.29,        1.16,        0.00,        0.00,        1.60,        0.00,        0.00
wk05.h012,        0.10,        2.29,        1.93,        0.00,        0.00,        1.60,        0.00,        0.00
wk05.h013,        0.07,        2.29,        2.42,        0.00,        0.00,        1.60,        0.00,        0.00
wk05.h014,        0.18,        2.29,        2.71,        0.00,        0.00,        1.60,        0.00,        0.00
wk05.h015,        0.32,        2.29,        2.87,        0.00,        0.00,        1.60,        0.00,        0.00
wk05.h016,        0.35,        2.29,        3.06,        0.00,        0.00,        1.60,        0.00,        0.00
wk05.h017,        0.37,        2.29,        3.14,        0.00,        0.00,        1.60,        0.00,        0.00
wk05.h018,        0.42,        2.29,        3.05,        0.00,        0.00,        1.60,        0.00,        0.00
wk05.h019,        0.59,        2.29,        2.66,        0.00,        0.00,        1.60,        0.00,        0.00
wk05.h020,        0.72,        2.29,        2.12,        0.00,        0.00,        1.60,        0.00,        0.00
wk05.h021,        0.85,        2.29,        1.89,        0.00,        0.00,        1.60,        0.00,        0.00
wk05.h022,        1.23,        2.29,        1.19,        0.00,        0.00,        1.60,        0.00,        0.00
wk05.h023,        1.51,        2.29,        0.49,        0.00,        0.00,        1.60,        0.00,        0.00
wk05.h024,        1.60,        2.29,        0.00,        0.00,        0.00,        1.54,        0.00,        0.00
wk05.h025,        1.64,        2.29,        0.00,        0.00,        0.00,        1.05,        0.00,        0.00
wk05.h026,        1.61,        2.29,        0.00,        0.00,        0.00,        0.74,        0.00,        0.00
wk05.h027,        1.52,        2.29,        0.00,        0.00,        0.00,        0.61,        0.00,        0.00
wk05.h028,        1.42,        2.29,        0.00,        0.00,        0.00,        0.53,        0.00,        0.00
wk05.h029,        1.37,        2.26,        0.00,        0.00,        0.00,        0.48,        0.00,        0.00
wk05.h030,        1.08,        2.29,        0.00,        0.00,        0.00,        0.74,        0.00,        0.00
wk05.h031,        1.06,        2.29,        0.00,        0.00,        0.00,        0.77,        0.00,        0.00
wk05.h032,        1.06,        2.29,        0.00,        0.00,        0.00,        0.84,        0.00,        0.00
wk05.h033,        0.96,        2.29,        0.00,        0.00,        0.00,        1.03,        0.00,        0.00
wk05.h034,        0.91,        2.29,        0.00,        0.00,        0.00,        1.44,        0.00,        0.00
wk05.h035,        0.95,        2.29,        0.21,        0.00,        0.00,        1.60,        0.00,        0.00
wk05.h036,        0.88,        2.29,        0.69,        0.00,        0.00,        1.60,        0.00,        0.00
wk05.h037,        0.81,        2.29,        1.18,        0.00,        0.00,        1.60,        0.00,        0.00
wk05.h038,        0.95,        2.29,        1.43,        0.00,        0.00,        1.60,        0.00,        0.00
wk05.h039,        1.06,        2.29,        1.61,        0.00,        0.00,        1.60,        0.00,        0.00
wk05.h040,        1.23,        2.29,        1.65,        0.00,        0.00,        1.60,        0.00,        0.00
wk05.h041,        1.24,        2.29,        1.81,        0.00,        0.00,        1.60,        0.00,        0.00
wk05.h042,        1.45,        2.29,        1.64,        0.00,        0.00,        1.60,        0.00,        0.00
wk05.h043,        1.47,        2.29,        1.52,        0.00,        0.00,        1.60,        0.00,        0.00
wk05.h044,        1.31,        2.29,        1.44,        0.00,        0.00,        1.60,        0.00,        0.00
wk05.h045,        1.58,        2.29,        1.21,        0.00,        0.00,        1.60,        0.00,        0.00
wk05.h046,        2.07,        2.29,        0.46,        0.00,        0.00,        1.60,        0.00,        0.00
wk05.h047,        2.34,        2.29,        0.54,        0.00,        0.00,        0.80,        0.00,        0.00
wk05.h048,        2.60,        2.29,        0.00,        0.00,        0.00,        0.56,        0.00,        0.00
wk05.h049,        2.60,        2.09,        0.00,        0.00,        0.00,        0.24,        0.00,        0.00
wk05.h050,        2.61,        1.77,        0.00,        0.00,        0.00,        0.24,        0.00,        0.00
wk05.h051,        2.57,        1.61,        0.00,        0.00,        0.00,        0.24,        0.00,        0.00
wk05.h052,        2.49,        1.58,        0.00,        0.00,        0.00,        0.24,        0.00,        0.00
wk05.h053,        2.12,        1.90,        0.00,        0.00,        0.00,        0.24,        0.00,        0.00
wk05.h054,        1.75,        2.29,        0.00,        0.00,        0.00,        0.32,        0.00,        0.00
wk05.h055,        1.71,        2.29,        0.00,        0.00,        0.00,        0.74,        0.00,        0.00
wk05.h056,        1.73,        2.29,        0.45,        0.00,        0.00,        0.80,        0.00,        0.00
wk05.h057,        1.85,        2.29,        0.26,        0.00,        0.00,        0.80,        0.00,        0.00
wk05.h058,        1.41,        2.29,        0.99,        0.00,        0.00,        0.80,        0.00,        0.00
wk05.h059,        1.28,        2.29,        0.69,        0.00,        0.00,        1.60,        0.00,        0.00
wk05.h060,        1.07,        2.29,        1.29,        0.00,        0.00,        1.60,        0.00,        0.00
wk05.h061,        0.71,        2.29,        2.06,        0.00,        0.00,        1.60,        0.00,        0.00
wk05.h062,        0.42,        2.29,        2.71,        0.00,        0.00,        1.60,        0.00,        0.00
wk05.h063,        0.37,        2.29,        3.06,        0.00,        0.00,        1.60,        0.00,        0.00
wk05.h064,        0.35,        2.29,        3.29,        0.00,        0.00,        1.60,        0.00,        0.00
wk05.h065,        0.25,        2.29,        3.43,        0.00,        0.00,        1.60,        0.14,        0.00
wk05.h066,        0.32,        2.29,        3.43,        0.00,        0.00,        1.60,        0.07,        0.00
wk05.h067,        0.42,        2.29,        3.22,        0.00,        0.00,        1.60,        0.00,        0.00
wk05.h068,        0.40,        2.29,        2.92,        0.00,        0.00,        1.60,        0.00,        0.00
wk05.h069,        0.71,        2.29,        2.58,        0.00,        0.00,        1.60,        0.00,        0.00
wk05.h070,        1.05,        2.29,        1.90,        0.00,        0.00,        1.60,        0.00,        0.00
wk05.h071,        1.60,        2.29,        0.82,        0.00,        0.00,        1.60,        0.00,        0.00
wk05.h072,        1.86,        2.29,        0.00,        0.00,        0.00,        1.51,        0.00,        0.00
wk05.h073,        1.94,        2.29,        0.00,        0.00,        0.00,        0.91,        0.00,        0.00
wk05.h074,        1.76,        2.29,        0.00,        0.00,        0.00,        0.75,        0.00,        0.00
wk05.h075,        1.76,        2.29,        0.00,        0.00,        0.00,        0.53,        0.00,        0.00
wk05.h076,        1.76,        2.22,        0.00,        0.00,        0.00,        0.48,        0.00,        0.00
wk05.h077,        1.73,        2.17,        0.00,        0.00,        0.00,        0.48,        0.00,        0.00
wk05.h078,        1.58,        2.29,        0.00,        0.00,        0.00,        0.61,        0.00,        0.00
wk05.h079,        1.45,        2.29,        0.00,        0.00,        0.00,        1.12,        0.00,        0.00
wk05.h080,        1.39,        2.29,        0.15,        0.00,        0.00,        1.55,        0.00,        0.00
wk05.h081,        1.23,        2.29,        0.18,        0.00,        0.00,        1.60,        0.00,        0.00
wk05.h082,        0.91,        2.29,        0.73,        0.00,        0.00,        1.60,        0.00,        0.00
wk05.h083,        0.90,        2.29,        1.14,        0.00,        0.00,        1.60,        0.00,        0.00
wk05.h084,        0.49,        2.29,        1.99,        0.00,        0.00,        1.60,        0.00,        0.00
wk05.h085,        0.13,        2.29,        2.68,        0.00,        0.00,        1.60,        0.00,        0.00
wk05.h086,        0.00,        2.29,        3.16,        0.00,        0.00,        1.60,        0.00,        0.00
wk05.h087,        0.00,        2.29,        3.43,        0.00,        0.00,        1.60,        0.09,        0.00
wk05.h088,        0.10,        2.29,        3.43,        0.00,        0.00,        1.60,        0.23,        0.00
wk05.h089,        0.12,        2.29,        3.43,        0.00,        0.00,        1.60,        0.43,        0.00
wk05.h090,        0.92,        2.29,        3.09,        0.00,        0.00,        1.60,        0.00,        0.00
wk05.h091,        0.32,        2.29,        3.43,        0.00,        0.00,        1.60,        0.09,        0.00
wk05.h092,        0.30,        2.29,        3.18,        0.00,        0.00,        1.60,        0.00,        0.00
wk05.h093,        0.28,        2.29,        3.16,        0.00,        0.00,        1.60,        0.00,        0.00
wk05.h094,        0.24,        2.29,        2.90,        0.00,        0.00,        1.60,        0.00,        0.00
wk05.h095,        0.31,        2.29,        2.29,        0.00,        0.00,        1.60,        0.00,        0.00
wk05.h096,        0.24,        2.29,        1.76,        0.00,        0.00,        1.60,        0.00,        0.00
wk05.h097,        0.27,        2.29,        1.21,        0.00,        0.00,        1.60,        0.00,        0.00
wk05.h098,        0.27,        2.29,        0.87,        0.00,        0.00,        1.60,        0.00,        0.00
wk05.h099,        0.16,        2.29,        0.76,        0.00,        0.00,        1.60,        0.00,        0.00
wk05.h100,        0.13,        2.29,        0.65,        0.00,        0.00,        1.60,        0.00,        0.00
wk05.h101,        0.11,        2.29,        0.59,        0.00,        0.00,        1.60,        0.00,        0.00
wk05.h102,        0.14,        2.29,        0.65,        0.00,        0.00,        1.60,        0.00,        0.00
wk05.h103,        0.09,        2.29,        1.09,        0.00,        0.00,        1.60,        0.00,        0.00
wk05.h104,        0.05,        2.29,        1.65,        0.00,        0.00,        1.60,        0.00,        0.00
wk05.h105,        0.04,        2.29,        1.57,        0.00,        0.00,        1.60,        0.00,        0.00
wk05.h106,        0.03,        2.29,        1.82,        0.00,        0.00,        1.60,        0.00,        0.00
wk05.h107,        0.03,        2.29,        2.17,        0.00,        0.00,        1.60,        0.00,        0.00
wk05.h108,        0.03,        2.29,        2.57,        0.00,        0.00,        1.60,        0.00,        0.00
wk05.h109,        0.03,        2.29,        2.98,        0.00,        0.00,        1.60,        0.00,        0.00
wk05.h110,        0.02,        2.29,        3.37,        0.00,        0.00,        1.60,        0.00,        0.00
wk05.h111,        0.02,        2.29,        3.43,        0.00,        0.00,        1.60,        0.22,        0.00
wk05.h112,        0.03,        2.29,        3.43,        0.00,        0.00,        1.60,        0.42,        0.00
wk05.h113,        0.04,        2.29,        3.43,        0.00,        0.00,        1.60,        0.60,        0.00
wk05.h114,        0.08,        2.29,        3.43,        0.00,        0.00,        1.60,        0.58,        0.00
wk05.h115,        0.12,        2.29,        3.43,        0.00,        0.00,        1.60,        0.36,        0.00
wk05.h116,        0.18,        2.29,        3.36,        0.00,        0.00,        1.60,        0.00,        0.00
wk05.h117,        0.30,        2.29,        3.19,        0.00,        0.00,        1.60,        0.00,        0.00
wk05.h118,        0.78,        2.29,        2.33,        0.00,        0.00,        1.60,        0.00,        0.00
wk05.h119,        0.74,        2.29,        1.85,        0.00,        0.00,        1.60,        0.00,        0.00
wk05.h120,        2.03,        2.29,        0.29,        0.00,        0.00,        1.22,        0.00,        0.00
wk05.h121,        1.35,        2.29,        0.29,        0.00,        0.00,        1.38,        0.00,        0.00
wk05.h122,        0.95,        2.29,        0.29,        0.00,        0.00,        1.44,        0.00,        0.00
wk05.h123,        1.07,        2.29,        0.29,        0.00,        0.00,        1.08,        0.00,        0.00
wk05.h124,        0.87,        2.29,        0.29,        0.00,        0.00,        1.12,        0.00,        0.00
wk05.h125,        0.92,        2.29,        0.29,        0.00,        0.00,        1.03,        0.00,        0.00
wk05.h126,        1.19,        2.29,        0.29,        0.00,        0.00,        0.84,        0.00,        0.00
wk05.h127,        1.34,        2.29,        0.29,        0.00,        0.00,        1.07,        0.00,        0.00
wk05.h128,        1.14,        2.29,        0.50,        0.00,        0.00,        1.60,        0.00,        0.00
wk05.h129,        0.61,        2.29,        0.96,        0.00,        0.00,        1.60,        0.00,        0.00
wk05.h130,        0.48,        2.29,        1.36,        0.00,        0.00,        1.60,        0.00,        0.00
wk05.h131,        0.30,        2.29,        1.91,        0.00,        0.00,        1.60,        0.05,        0.00
wk05.h132,        0.40,        2.29,        2.29,        0.00,        0.00,        1.60,        0.00,        0.00
wk05.h133,        0.11,        2.29,        3.04,        0.00,        0.00,        1.60,        0.00,        0.00
wk05.h134,        0.02,        2.29,        3.43,        0.00,        0.00,        1.60,        0.15,        0.00
wk05.h135,        0.00,        2.29,        3.43,        0.00,        0.00,        1.60,        0.51,        0.00
wk05.h136,        0.02,        2.29,        3.43,        0.00,        0.00,        1.60,        0.73,        0.00
wk05.h137,        0.07,        2.29,        3.43,        0.00,        0.00,        1.60,        0.74,        0.00
wk05.h138,        0.16,        2.29,        3.43,        0.00,        0.00,        1.60,        0.59,        0.00
wk05.h139,        0.39,        2.29,        3.43,        0.00,        0.00,        1.60,        0.13,        0.00
wk05.h140,        0.76,        2.29,        2.77,        0.00,        0.00,        1.60,        0.00,        0.00
wk05.h141,        0.81,        2.29,        2.68,        0.00,        0.00,        1.60,        0.00,        0.00
wk05.h142,        0.68,        2.29,        2.43,        0.00,        0.00,        1.60,        0.00,        0.00
wk05.h143,        0.92,        2.29,        1.68,        0.00,        0.00,        1.60,        0.00,        0.00
wk05.h144,        0.91,        2.29,        1.05,        0.00,        0.00,        1.60,        0.00,        0.00
wk05.h145,        0.64,        2.29,        0.78,        0.00,        0.00,        1.60,        0.00,        0.00
wk05.h146,        1.25,        2.29,        0.15,        0.00,        0.00,        1.24,        0.00,        0.00
wk05.h147,        1.29,        2.29,        0.15,        0.00,        0.00,        0.97,        0.00,        0.00
wk05.h148,        1.22,        2.29,        0.15,        0.00,        0.00,        0.91,        0.00,        0.00
wk05.h149,        1.27,        2.29,        0.15,        0.00,        0.00,        0.76,        0.00,        0.00
wk05.h150,        1.30,        2.29,        0.15,        0.00,        0.00,        0.81,        0.00,        0.00
wk05.h151,        1.21,        2.29,        0.15,        0.00,        0.00,        1.28,        0.00,        0.00
wk05.h152,        1.07,        2.29,        0.45,        0.00,        0.00,        1.60,        0.00,        0.00
wk05.h153,        0.88,        2.29,        0.55,        0.00,        0.00,        1.60,        0.00,        0.00
wk05.h154,        0.60,        2.29,        1.06,        0.00,        0.00,        1.60,        0.05,        0.00
wk05.h155,        0.54,        2.29,        1.56,        0.00,        0.00,        1.60,        0.05,        0.00
wk05.h156,        0.66,        2.29,        1.88,        0.00,        0.00,        1.60,        0.00,        0.00
wk05.h157,        0.95,        2.29,        1.92,        0.00,        0.00,        1.60,        0.00,        0.00
wk05.h158,        1.20,        2.29,        2.04,        0.00,        0.00,        1.60,        0.00,        0.00
wk05.h159,        1.21,        2.29,        2.33,        0.00,        0.00,        1.60,        0.00,        0.00
wk05.h160,        1.42,        2.29,        2.27,        0.00,        0.00,        1.60,        0.00,        0.00
wk05.h161,        1.60,        2.29,        2.19,        0.00,        0.00,        1.60,        0.00,        0.00
wk05.h162,        1.63,        2.29,        2.10,        0.00,        0.00,        1.60,        0.00,        0.00
wk05.h163,        1.79,        2.29,        1.65,        0.00,        0.00,        1.60,        0.00,        0.00
wk05.h164,        1.59,        2.29,        1.41,        0.00,        0.00,        1.60,        0.00,        0.00
wk05.h165,        1.59,        2.29,        1.29,        0.00,        0.00,        1.60,        0.00,        0.00
wk05.h166,        2.08,        2.29,        0.46,        0.00,        0.00,        1.60,        0.00,        0.00
wk05.h167,        2.42,        2.29,        0.00,        0.00,        0.00,        1.34,        0.00,        0.00
wk05.h168,        2.55,        2.29,        0.00,        0.00,        0.00,        0.78,        0.00,        0.00
